amino_acid,codon,relative_frequency
*,UAA,0.2761806176382942
*,UAG,0.22349001709562571
*,UGA,0.5003293652660801
A,GCA,0.2513795212062026
A,GCC,0.38127574908503475
A,GCG,0.08720837478437851
A,GCU,0.28013635492438416
C,UGC,0.5095413069809023
C,UGU,0.4904586930190978
D,GAC,0.5024952277903978
D,GAU,0.4975047722096022
E,GAA,0.4589239482241604
E,GAG,0.5410760517758396
F,UUC,0.504996660793427
F,UUU,0.4950033392065731
G,GGA,0.27140100824122493
G,GGC,0.3135949819312663
G,GGG,0.2432941762402524
G,GGU,0.1717098335872564
H,CAC,0.5531557752321866
H,CAU,0.44684422476781344
I,AUA,0.1868835558018311
I,AUC,0.4319010552322553
I,AUU,0.3812153889659136
K,AAA,0.46378389484907295
K,AAG,0.5362161051509271
L,CUA,0.07627273668828646
L,CUC,0.18246587317896373
L,CUG,0.36996578602453734
L,CUU,0.14431923645876923
L,UUA,0.0892055661697322
L,UUG,0.13777080147971102
M,AUG,1.0
N,AAC,0.49815687964085514
N,AAU,0.5018431203591449
P,CCA,0.2976091671947967
P,CCC,0.3006498723923744
P,CCG,0.09792386519527314
P,CCU,0.30381709521755584
Q,CAA,0.28351523841739584
Q,CAG,0.7164847615826042
R,AGA,0.23762823676537242
R,AGG,0.2170946336568466
R,CGA,0.11487543157056147
R,CGC,0.1559667723049992
R,CGG,0.1930287557239215
R,CGU,0.08140616997829886
S,AGC,0.22856630455883686
S,AGU,0.16302548615761742
S,UCA,0.16407482157851752
S,UCC,0.2010166549690943
S,UCG,0.046798665442920634
S,UCU,0.19651806729301327
T,ACA,0.30471242033478785
T,ACC,0.32913631638463453
T,ACG,0.1031408377818686
T,ACU,0.263010425498709
V,GUA,0.1304244209065947
V,GUC,0.2289880370530436
V,GUG,0.44058973348080605
V,GUU,0.19999780855955565
W,UGG,1.0
Y,UAC,0.5269996249917847
Y,UAU,0.4730003750082154
