amino_acid,codon,relative_frequency
*,UAA,0.47178891470295387
*,UAG,0.2308330567540657
*,UGA,0.2973780285429804
A,GCA,0.29670090122634046
A,GCC,0.2212084031415243
A,GCG,0.11284325388175064
A,GCU,0.3692474417503846
C,UGC,0.3788851715950788
C,UGU,0.6211148284049213
D,GAC,0.3487995226171811
D,GAU,0.6512004773828189
E,GAA,0.7005939765026036
E,GAG,0.2994060234973964
F,UUC,0.40527503787761665
F,UUU,0.5947249621223833
G,GGA,0.2256754151634491
G,GGC,0.19744016964556196
G,GGG,0.12240092533942883
G,GGU,0.4544834898515601
H,CAC,0.35795078609912095
H,CAU,0.642049213900879
I,AUA,0.280271199887261
I,AUC,0.25953975354005626
I,AUU,0.4601890465726827
K,AAA,0.5843435237553926
K,AAG,0.4156564762446074
L,CUA,0.14257344529108296
L,CUC,0.058518790338247674
L,CUG,0.11250098934386715
L,CUU,0.1299961865290939
L,UUA,0.27734006806685807
L,UUG,0.27907052043085023
M,AUG,1.0
N,AAC,0.4039558873468388
N,AAU,0.5960441126531612
P,CCA,0.40697565469962677
P,CCC,0.1582834923559817
P,CCG,0.12438902509486703
P,CCU,0.3103518278495245
Q,CAA,0.6853566396085652
Q,CAG,0.31464336039143476
R,AGA,0.4736927086937467
R,AGG,0.21326474907541962
R,CGA,0.0703373084523178
R,CGC,0.059742117039189906
R,CGG,0.041573439746576554
R,CGU,0.14138967699274946
S,AGC,0.11118847064015644
S,AGU,0.16262621651029896
S,UCA,0.21229103415740255
S,UCC,0.15662260978078085
S,UCG,0.09714961840192968
S,UCU,0.26012205050943155
T,ACA,0.3079658811623536
T,ACC,0.21124765071562815
T,ACG,0.13828538383692351
T,ACU,0.3425010842850947
V,GUA,0.21762700600571036
V,GUC,0.20223737324012997
V,GUG,0.19351801713104264
V,GUU,0.3866176036231171
W,UGG,1.0
Y,UAC,0.4334887492398135
Y,UAU,0.5665112507601865
